Word,AvgStars,Occurences
tastes,3.78,23
and,3.79,938
smells,3.22,9
like,3.7,148
chemicals,1.0,2
not,2.71,225
other,3.56,66
toothpaste,4.66,99
threw,1.6,5
it,3.38,695
all,3.12,85
away,2.31,16
made,3.58,26
in,3.44,257
usa,2.33,3
have,3.53,214
some,4.02,48
concerns,1.0,3
about,3.57,42
the,3.42,1192
quality,4.34,41
control,2.79,14
flavor,4.47,47
is,3.7,427
a,3.62,725
hit,4.23,13
with,3.54,210
my,4.17,536
little,4.08,49
onesâthey,5.0,2
actually,3.74,23
look,3.77,22
forward,5.0,2
to,3.36,850
brushing,5.0,10
their,3.86,57
teeth,4.71,139
now,3.43,47
i,3.48,789
appreciate,4.89,9
that,3.6,241
provides,5.0,2
effective,4.6,10
cavity,5.0,6
protection,5.0,6
while,3.57,21
being,2.94,18
gentle,4.5,8
on,3.18,204
developing,5.0,2
packaging,4.62,8
also,3.61,49
eye-catching,5.0,2
appealing,5.0,5
kids,4.5,166
which,3.19,37
helps,4.83,6
encourage,4.33,6
them,4.12,138
brush,5.0,13
regularly,5.0,6
so,3.61,178
cool,4.5,14
order,4.17,12
online,3.57,7
for,3.91,529
cheap,4.09,11
get,3.22,92
quickly,4.82,11
thanks,5.0,4
child,4.32,22
has,3.86,76
had,3.14,81
no,2.8,70
complaints,5.0,4
wearing,5.0,2
these,4.24,174
past,2.86,7
couple,4.75,8
days,3.95,22
they,3.81,202
run,5.0,7
true,5.0,3
size,4.59,34
this,3.5,410
childrenâs,5.0,2
specially,5.0,2
designed,4.25,4
young,5.0,3
mild,5.0,2
fruity,5.0,2
makes,4.19,26
enjoyable,5.0,3
formula,4.67,3
sensitive,3.95,19
gums,4.33,12
fluoride-free,5.0,2
safe,4.22,9
if,3.24,116
accidentally,3.67,3
swallowed,5.0,2
itâs,3.77,71
great,4.59,178
choice,4.33,6
build,5.0,3
healthy,5.0,7
habits,5.0,2
children,4.1,20
perfect,4.84,43
checks,5.0,2
every,3.68,31
box!fluoride,5.0,2
tasty,4.55,11
dentist,4.88,16
approved,4.56,9
kid,4.35,23
loved,4.65,37
love,4.83,155
tooth,4.8,5
paste,4.5,14
cheaper,4.75,12
than,3.88,56
store,4.7,20
packaged,2.0,4
as,3.68,153
three,3.44,18
arrived,3.0,8
one,3.53,114
of,3.25,299
boxes,2.53,17
open,2.83,12
missing,1.6,5
contents,1.0,2
enjoy,5.0,10
said,3.19,16
doesnât,3.76,17
taste,4.13,67
terrible,2.57,7
cleans,5.0,8
well,4.18,51
leaves,4.6,5
breath,5.0,10
smelling,5.0,4
fresh,5.0,14
only,3.49,76
what,3.48,48
gave,4.08,12
win,5.0,12
grandkids,4.33,6
did,3.41,32
toothpaste-,1.0,2
same,2.97,36
ingredients,3.0,4
adult,3.33,6
versions,1.57,7
favorite,4.83,29
say,3.61,23
good,4.33,133
value,4.54,48
price,4.55,58
was,3.23,165
3,3.98,40
packs,3.43,7
4.60,5.0,2
very,3.89,100
easy,4.86,113
pockets,5.0,2
loves,4.85,75
stocking,5.0,2
stuffers,5.0,2
teens,5.0,3
fast,4.46,13
delivery,3.67,6
deals,5.0,3
friendly,3.88,8
will,3.41,85
buy,3.62,58
again,3.03,36
product,3.48,88
request,4.0,4
flavored,5.0,3
it's,3.51,89
sparkly,5.0,2
blue,3.33,9
bubblegum,5.0,2
got,3.53,30
36%,5.0,2
off,2.97,38
tubes,5.0,6
at,3.39,89
$4.97,5.0,2
full,2.71,7
end,2.75,12
small,4.3,30
dollar,5.0,3
lol,5.0,5
son,4.73,44
likes,4.59,17
kind,3.82,11
we,3.82,73
were,3.3,47
almost,3.44,18
out,3.09,74
local,4.33,6
didnât,4.2,10
any,3.43,37
looked,3.2,10
amazon,2.34,108
an,3.65,71
even,3.46,69
better,3.79,42
deal,4.56,16
would,3.0,97
here,3.27,11
before,4.17,23
ran,5.0,2
quantity,3.75,4
hard,3.0,17
beat,5.0,6
gives,4.5,8
freshness,5.0,5
am,3.03,29
72,5.0,2
years,3.86,35
iâve,3.15,26
been,3.56,45
using,4.05,39
sparkle,5.0,10
more,3.55,82
30,4.67,3
sensible,5.0,2
mouth,5.0,6
everything,4.08,12
h,5.0,2
prescribed,5.0,2
raw,5.0,2
i.always,5.0,2
fall,5.0,2
back,3.0,19
childâs,5.0,2
thank,4.9,10
you,3.17,193
crest,4.81,31
bought,3.14,63
kid's,4.5,4
donate,4.33,3
who,3.48,21
are,3.77,167
less,4.35,17
fortunate,4.0,2
need,3.89,28
basic,2.5,8
hygiene/,4.0,2
personal,4.0,2
care,3.9,10
items,4.33,9
can't,3.05,20
speak,4.29,7
particular,3.0,3
used,3.83,36
oral,4.0,2
products,2.89,28
consistently,3.33,3
yes,4.62,8
recommend,4.4,42
harsh,5.0,4
gets,3.93,14
job,4.71,7
done,4.14,7
color,4.29,21
amazing,5.0,8
super,4.62,21
valuable,4.0,2
highly,4.91,23
doesn't,2.82,17
spread,4.33,3
easily,3.78,9
tends,4.0,2
stay,4.44,9
clumps,4.0,2
do,2.96,89
mint,4.33,12
toothpastes,5.0,6
cinnamon,5.0,2
variety,5.0,3
(virtual),5.0,2
life-saver,5.0,2
there,3.43,42
few,4.0,38
flavors,5.0,6
left,4.0,7
don't,3.26,42
somewhere,5.0,2
still,3.37,43
fantastic,4.6,5
6years,5.0,2
daughter,4.25,28
adore,5.0,4
keeps,4.08,13
clean,4.93,14
getting,3.72,18
challenge,5.0,2
ever,3.5,12
since,3.48,21
started,4.56,9
they've,3.67,3
cooperative,5.0,2
sparkling,5.0,3
vibrant,5.0,3
fun,4.95,22
excited,3.6,5
his,4.18,38
she,4.16,55
really,3.86,58
big,3.83,30
tube,4.6,5
bang,5.0,2
your,3.6,63
buck,5.0,2
needed,5.0,11
how,2.83,41
bubbly,5.0,2
use,3.84,122
alone,3.4,5
prefer,4.0,3
strawberry,5.0,6
over,3.57,35
stores,3.86,7
mistake,2.33,3
ordered,3.09,11
myself,3.75,12
&,3.82,33
teen,1.0,2
kids.non,1.0,2
us,2.94,16
because,3.25,59
sweet,2.33,6
should,2.19,16
never,2.94,36
be,2.97,93
most,3.04,27
kiddie,5.0,4
tried,3.0,33
does,3.38,24
seem,3.86,7
teeth/,5.0,2
freshen,5.0,2
well.this,5.0,2
kidâs,5.0,2
definitely,4.23,26
exception!while,5.0,2
âbubblyâ,5.0,2
freshens,5.0,2
clean.the,5.0,2
two,3.29,24
pack,4.58,19
awesome,4.43,7
he,4.74,76
likely,3.4,5
year!cant,5.0,2
quality.truthfully,5.0,2
times,2.86,22
just,3.17,132
paste!very,5.0,2
happy,4.46,13
purchase,3.23,31
beautiful,3.67,3
liked,3.25,12
but,3.36,221
unfortunately,2.44,9
found,3.85,13
bit,3.96,26
too,3.7,54
strong,3.25,8
first,3.04,26
time,3.32,71
trying,2.96,23
minty,4.0,4
werenât,2.67,3
fanâit,3.0,2
âa,3.0,2
spicyâ,3.0,2
might,4.0,7
already,3.07,14
wasnât,2.67,6
es,4.2,20
la,4.71,14
que,3.92,12
siempre,5.0,2
uso,5.0,2
con,5.0,9
mis,5.0,4
niã±os,4.6,5
y,4.68,19
hasta,5.0,3
hora,5.0,4
les,5.0,3
va,5.0,2
excelente,4.78,9
ease,4.33,6
click,5.0,2
ship,5.0,3
here's,5.0,2
money,3.03,37
texture,4.0,7
cleanliness,5.0,2
performance,5.0,4
para,4.5,10
tus,4.0,2
wonderful,3.67,6
stuff,3.3,20
necessary,5.0,3
fit,4.57,7
budget,5.0,3
from,3.38,93
cannot,3.08,13
nice,4.17,23
nicely,4.67,3
nothing,2.43,21
special,3.67,9
mi,5.0,8
hija,5.0,3
le,4.0,4
gusta,3.67,3
our,4.24,41
year,4.14,28
old,3.93,46
flavor-,4.0,2
satisfied,5.0,6
however,3.31,13
later,2.57,7
competitive,5.0,2
compared,4.5,6
retailers,5.0,2
cross,5.0,2
check,3.44,9
prices,3.67,6
next,3.91,11
duradera,5.0,2
kids',5.0,4
doctor,5.0,2
sure,3.44,25
matches,4.0,2
expectation,4.0,2
thatâs,3.83,12
reason,3.25,4
its,3.25,24
her,3.78,46
11,5.0,6
picky,5.0,25
when,3.82,89
comes,4.14,22
enjoys,5.0,9
product's,5.0,2
everyday,5.0,3
or,3.46,123
travel,5.0,3
appear,3.67,3
whiter,4.88,16
overall,4.6,10
non-sensitive,5.0,2
i'll,5.0,5
repurchasing,5.0,2
future,5.0,5
tube's,5.0,2
always,4.34,41
5,3.56,25
worth,3.76,25
bubble,5.0,2
gum,4.33,3
color!i,5.0,2
another,2.5,16
brand,4.24,21
last,2.19,16
years(,5.0,2
reccommend),5.0,2
front,4.33,3
upper,5.0,2
darkâ¦,5.0,2
decided,4.38,8
switch,3.83,6
week,3.79,14
see,3.19,26
result,4.67,3
darkness/,5.0,2
coloring,5.0,2
gone,4.33,6
white,3.14,43
definately,5.0,2
reccommend,5.0,2
hate,2.25,8
sale,4.42,12
walmart,5.0,2
anything,2.52,25
sparkles,5.0,2
includes,5.0,3
weâre,5.0,3
fans,5.0,3
usually,3.67,6
family,3.77,22
we've,4.2,5
several,3.22,18
easier,4.5,14
cleaning,5.0,4
power,2.5,8
impressive,5.0,5
effectively,5.0,2
prevent,5.0,2
cavities,5.0,2
making,4.1,10
reliable,3.17,6
brands,4.83,6
come,4.2,20
recommended,4.5,6
families,5.0,3
stimulating,3.0,2
aged,3.0,2
3-4,3.67,3
suitable,3.0,2
childrenð,3.0,2
ð,3.4,5
popular,3.0,2
pungent,3.0,2
spicy,3.67,3
different,3.38,21
-,2.86,21
feeling,4.83,6
$4,5.0,2
unbeatable,5.0,3
excã©lente,5.0,2
los,5.0,4
niåos,5.0,2
burn,5.0,2
i've,3.12,24
toddler,4.8,5
complains,5.0,2
âspicyâ,5.0,2
looking,3.76,17
younger,5.0,3
brothers,5.0,2
sisters,5.0,2
shines,5.0,2
squeeze,5.0,3
ð¥,5.0,2
smell,5.0,10
feel,3.56,9
help,3.07,14
lid,3.0,4
dispensing,5.0,2
gel,5.0,2
kiddo,5.0,6
doesnt,3.4,5
him,4.27,22
media,3.67,6
could,2.41,27
loaded.i,3.0,4
purchased,3.11,19
hands,5.0,3
pleasant,5.0,3
without,3.29,14
issues,3.0,17
dryness,5.0,2
sensitivity,4.57,14
adds,3.5,4
appeal,5.0,2
option,3.3,10
combining,5.0,3
,3.89,36
trusted,5.0,2
lids,5.0,2
ones,4.0,13
both,3.13,15
finally,3.56,9
age,3.6,5
wanted,2.62,16
mmm,5.0,2
go,3.74,34
toddlers,5.0,3
much,4.05,44
magical,5.0,2
friends,4.0,4
house,3.95,22
growing,5.0,2
up,3.39,106
then,3.38,24
tiny,3.4,5
treated,5.0,2
prize,5.0,3
-mother,5.0,2
honest,5.0,2
late,4.2,5
night,3.55,22
reviewer,5.0,2
husbandâs,5.0,2
account,2.44,9
service,2.18,11
noticeable,4.8,5
difference,4.19,16
after,3.52,46
4,3.67,12
strips,3.86,28
though,3.5,16
repurchase,5.0,3
work,3.03,59
donât,3.61,23
miracles,4.0,1
noticed,4.25,8
arenât,3.5,2
irritate,4.0,1
took,3.64,11
day,3.5,38
bothered,4.0,1
me,3.28,89
fine,3.44,9
results,4.7,20
saw,4.8,5
isnât,4.0,3
opinion,2.33,3
40%,4.0,1
black,1.75,16
friday,4.0,4
went,4.17,6
forget,5.0,3
grab,5.0,2
box,3.26,47
especially,3.8,10
take,3.69,16
lot,4.0,23
headshots/photos,5.0,1
business,5.0,3
works,4.1,42
i'm,3.48,31
senior,3.0,2
citizen,5.0,1
caps,5.0,1
dark,3.0,2
light,2.76,17
weight,5.0,1
pressure,5.0,1
solid,4.5,2
shots,5.0,1
cost,4.0,6
puts,5.0,1
strip,3.33,9
burned,1.0,1
within,2.0,7
20,3.33,6
minutes,3.74,19
once,3.56,16
surprising,1.0,1
kinds,3.0,2
straight,3.67,3
straps,5.0,1
told,3.0,10
best,4.81,27
individual,3.14,7
labeled,1.0,2
french,1.0,1
english,2.33,3
package,3.11,9
designates,1.0,1
profesional,1.0,1
importantly,1.0,1
(ie:,1.0,1
professional,3.75,4
vividâ¦),1.0,1
return,1.71,14
repeated,3.33,3
usage,4.0,2
similar,3.33,6
invasive,4.0,1
hoping,2.2,5
months,2.38,13
consistent,5.0,2
brighter,5.0,4
right,3.53,17
sometimes,4.18,11
1,3.0,11
2,2.93,27
bruises,5.0,1
issue,2.23,13
long,3.1,10
ago,3.86,14
maybe,2.56,9
due,3.0,6
aging,5.0,1
(please,5.0,1
excuse,5.0,1
crooked,5.0,1
share,5.0,2
journey,5.0,1
give,3.63,19
hope,3.4,5
others),5.0,1
didn't,3.6,15
think,3.6,15
hv,5.0,1
drank,5.0,1
coke,5.0,1
coffee,4.83,6
life,4.6,10
many,3.18,17
compliments,5.0,3
glad,4.0,5
regular,3.29,14
basis,5.0,3
whole,2.0,7
bothersome,2.0,1
winter,1.5,2
cold,2.0,1
air,2.0,2
taking,2.17,6
break,4.21,14
wouldn't,2.75,4
experiencing,2.0,1
capacity,2.0,1
dental,2.0,1
refund,1.12,8
honestly,2.25,4
want,2.41,27
through,3.64,11
hastle,2.0,1
efficiently,5.0,1
whitens,5.0,1
received,3.75,12
3d,5.0,3
whitestrips,5.0,10
effects,3.67,3
[levels,5.0,1
whiter],5.0,1
whitening,4.69,13
kit,5.0,3
44,3.67,3
(22,5.0,1
count,5.0,1
pack),5.0,1
weeks,5.0,2
description,3.0,2
picture,4.0,4
accurate,5.0,1
exactly,3.5,8
sent,3.0,2
they're,4.36,11
economical,5.0,1
way,3.19,26
whiten,4.0,4
having,3.19,16
professionally,5.0,1
dentist's,5.0,1
office,4.33,3
during,4.14,7
working,2.32,19
prime,3.0,6
can,3.43,98
major,2.5,2
changes,3.0,2
probably,3.56,9
multiple,2.44,9
uses,4.4,10
complaint,3.67,3
bad,3.2,15
whitestrip,5.0,1
stick,4.0,2
exception,5.0,2
norm,5.0,1
glued,1.0,1
pull,1.33,6
hurt,3.5,4
whitened,3.67,3
glue,1.0,2
type,1.8,5
wedding,4.5,2
let,2.73,15
down,3.69,13
least,3.78,9
10,3.62,8
52,5.0,1
yo,4.0,6
smile,4.89,9
absolutely,3.18,17
matter,2.5,2
where,3.07,14
staining,4.0,1
~,4.0,1
half,3.2,15
(once,4.0,1
per,2.5,2
week),4.0,1
color.the,4.0,1
thing,2.51,37
users,4.0,1
warned,3.0,2
careful,4.0,2
make,3.98,65
overlap,4.0,1
base,4.0,1
onto,3.75,4
notice,3.75,4
far,3.27,15
otherwise,3.71,7
taping,1.0,1
wrapping,1.0,1
friend,3.0,4
whoâs,3.0,2
bride,3.0,2
opened,2.07,15
gasped,1.0,1
22,1.0,1
instead,2.71,14
unpleased,1.0,1
shocked,2.0,2
delivered,3.29,7
inside,3.8,5
plus,2.0,6
expensive,4.0,8
gins,5.0,1
stained,5.0,2
yellow,4.5,4
convenient,4.29,7
well...........what's,5.0,1
update,3.5,2
advice:these,4.0,1
noticeably,4.8,5
adjust,2.0,3
cause,2.57,7
pain,4.0,2
hours,2.5,14
example,3.0,3
leave,4.0,4
start,3.75,4
sharp,4.5,2
drink,4.25,4
water,3.12,16
afterward,4.5,2
limit,4.0,1
max,2.75,4
mins,4.5,2
discomfort,4.5,2
downside,4.0,1
cautious,4.0,1
snow,5.0,2
(clean,5.0,1
even),5.0,1
husband,5.0,1
unpleasant,4.0,1
put,3.2,10
wear,4.67,3
series,3.0,2
keep,3.82,22
pearly,5.0,2
canât,2.79,19
sore,3.0,3
mademy,5.0,1
shade,5.0,2
described,5.0,1
says,4.25,8
shades,5.0,3
know,3.0,11
correlates,5.0,1
pricey,5.0,2
pay,1.78,9
something,3.24,17
penny,5.0,4
showing,3.5,4
worked,2.62,16
enamel,5.0,1
fact,4.2,5
hour,3.0,2
sealed,3.5,4
beautifully,4.33,3
advertised,3.75,4
slimy,2.5,4
new,2.87,31
huge,2.8,5
nearly,4.0,1
7,4.8,5
applications,4.5,2
split,5.0,2
w,5.0,1
hers,4.5,2
goat,5.0,1
lasts,5.0,1
pass,3.5,2
tissue,5.0,2
test,3.5,2
:p,5.0,2
lightening,5.0,1
fair,5.0,2
suppose,4.5,2
cosmetic,5.0,1
read,3.0,4
instructions,3.67,6
quite,4.6,5
others,2.6,5
definite,5.0,1
improvement,5.0,1
whiteness,5.0,1
yay,5.0,1
couldnât,2.75,4
apparently,1.86,7
teethâs,3.0,1
hurts,3.0,1
written,2.0,2
amount,3.33,9
begin,3.0,1
thought,3.5,12
iâd,3.75,4
bigger,3.83,6
change,2.67,12
subtle,2.5,2
somewhat,3.75,4
iâll,3.5,4
theyâre,3.67,3
boyfriend,5.0,1
pretty,3.94,18
brain,5.0,1
stains,5.0,5
smoking,5.0,1
transformed,5.0,1
directed,5.0,2
soo,5.0,1
wife,5.0,1
i'd,2.43,7
people,2.71,7
ask,3.35,23
maintenance,5.0,1
obsessed,5.0,2
causing,5.0,1
offered,4.25,4
dod,5.0,1
treatment,4.67,3
leaving,3.0,2
longer,2.2,10
that's,3.17,6
own,2.68,19
fault,4.0,2
applying,5.0,2
pat,4.5,2
dry,4.25,8
sticks,3.0,2
stripes,5.0,3
problem,2.56,9
eay,3.0,1
apply,4.5,4
by,2.95,21
uncomfortable,3.0,2
short,4.0,4
3-5,5.0,1
cups,3.5,10
destined,5.0,1
hint,5.0,1
total,5.0,1
impulse,5.0,1
gotten,2.71,7
weeke,5.0,1
exceeded,5.0,1
expectations,5.0,1
experienced,5.0,2
minor,5.0,1
baby,4.5,6
aren't,2.67,3
real,2.0,5
place,3.0,4
french.when,1.0,1
doubt,1.0,3
anyway,2.67,3
effect,3.0,2
perfection,5.0,1
process,3.75,4
running,5.0,2
routine,5.0,3
difficult,4.0,5
nightly,5.0,1
typically,5.0,2
between,3.29,7
wears,5.0,1
noticing,5.0,1
slight,4.67,3
brightness,5.0,2
this.i,5.0,1
smoke,5.0,1
tend,4.5,2
avoid,5.0,1
things,2.89,18
stain,5.0,1
seeing,5.0,1
imagine,3.0,2
ur,4.0,1
slightly,4.5,2
waiting,4.25,4
resuming,4.0,1
tho,4.67,3
disappointed,1.73,11
encouraging,3.0,1
reviews,1.5,4
mention,2.5,2
rough,3.0,2
experience,2.0,7
third,1.75,4
bunch,3.0,1
acutely,3.0,1
wonât,2.19,16
wasted,2.0,7
ð,3.0,1
thrown,1.75,4
around,3.29,7
stepped,4.0,1
try,3.36,25
iâm,2.69,16
builds,5.0,1
creating,3.67,3
youthful,5.0,1
appearance,5.0,1
esp,5.0,1
you're,3.43,7
twice,3.67,3
neither,5.0,1
ð,5.0,1
whiteners,5.0,1
youâre,4.0,9
quick,4.8,25
month,3.25,8
45,5.0,1
min,5.0,3
shot,5.0,1
simple,3.44,9
trays,3.0,2
lights,3.45,11
those,5.0,8
awful,1.67,6
perfectly,5.0,4
nowhere,5.0,1
disappoint,5.0,1
sets,5.0,1
well.the,5.0,1
itself,2.62,8
either.well,5.0,1
remove,3.0,2
hand,4.89,9
disappearing,5.0,1
wait,3.67,3
finished,5.0,1
recently,3.83,6
thrilled,5.0,2
significant,5.0,1
incredibly,5.0,2
comfortably,5.0,1
allowing,5.0,1
hassle.the,5.0,1
yet,4.09,11
formulated,5.0,1
minimize,5.0,1
often,3.0,6
concern,5.0,1
smile!what,5.0,1
convenience,4.75,4
offer,2.25,4
doing,2.86,7
activities,5.0,2
whether,5.0,4
watching,5.0,2
tv,4.4,5
desk,5.0,3
cooking,4.0,7
find,3.05,19
believe,3.36,11
become,3.43,7
such,3.0,10
time.for,5.0,1
anyone,2.83,6
enhance,5.0,3
spending,2.67,3
fortune,5.0,1
deliver,5.0,1
excellent,4.25,8
truly,4.5,4
boost,5.0,1
confidence,5.0,2
radiant,5.0,1
stands,3.0,2
solution,5.0,1
rid,4.0,3
complicated,3.5,2
timer,4.33,6
entire,4.0,1
(not,4.0,1
amount),4.0,1
sucked,4.0,1
kept,2.67,3
using.will,4.0,1
happier,3.67,3
confident,5.0,1
comfortable,3.5,2
annoying,4.0,3
slipping,5.0,1
discomfort.the,5.0,1
provide,4.5,2
ample,5.0,1
achieve,5.0,1
professional-level,5.0,1
comfort,5.0,7
home.if,5.0,1
continue,4.33,3
muy,4.43,7
bueno,5.0,1
muchacha,5.0,1
speaker,3.35,20
sounds,3.55,11
generation,2.8,5
clearer,5.0,1
(or,5.0,1
muddy),5.0,1
although,5.0,4
designs,5.0,1
personally,4.0,5
feels,4.0,6
surprisingly,5.0,3
high,5.0,4
obviously,5.0,2
homepod,5.0,1
mini's,5.0,1
price-to-performance,5.0,1
ratio,4.0,2
fan,4.67,3
echo,2.82,89
dot,3.09,33
generation's,5.0,1
aesthetics,5.0,1
looks,3.33,6
premium--like,5.0,1
tech,2.67,6
purposely,5.0,1
visible,4.5,2
part,4.4,5
area,4.0,4
opposed,5.0,1
manage,5.0,2
hidden,5.0,2
under,4.25,4
behind,3.0,2
lamp,5.0,1
etc,3.0,10
feature,3.71,7
inclusion,5.0,1
tap-to-play/pause,5.0,1
function,3.0,2
biggest,5.0,1
lack,2.33,3
further,3.0,2
music/media,5.0,1
integration,5.0,2
alexa,3.61,67
mobile,5.0,2
app,2.6,15
(as,3.0,4
play,2.44,43
queue,5.0,1
specific,3.5,2
songs/playlists,5.0,1
apple,4.0,2
music,2.99,71
frustrating).overall,5.0,1
wrong,3.5,8
(and,3.4,5
functionality,3.5,6
offers),5.0,1
pairing,5.0,1
stereo,5.0,1
pair,5.0,2
bed,4.5,2
el,4.27,11
un,5.0,3
dispositivo,5.0,2
versã¡til,5.0,1
crea,5.0,1
rutinas,5.0,1
de,4.36,11
cã³mo,5.0,1
encender,5.0,1
las,5.0,4
luces,5.0,2
reproducir,5.0,1
mãºsica,5.0,2
al,4.5,4
despertar,5.0,1
puede,5.0,5
cambiar,5.0,1
su,4.75,8
nombre,5.0,1
activaciã³n,5.0,1
cada,5.0,2
cual,5.0,1
personalizar,5.0,1
experiencia,5.0,1
vinculado,5.0,1
cuentas.comecta,5.0,1
dispositivos,5.0,1
inteligentes,5.0,1
como,5.0,2
termostatos,5.0,1
o,5.0,1
cã¡maras,5.0,1
compatibles,5.0,1
llamadas,5.0,1
envã­a,5.0,1
mensajes,5.0,1
sound,4.04,28
correct,5.0,1
answers,4.25,4
difficulty,3.0,1
bluetooth,2.57,7
connect,2.0,17
listen,3.3,10
connecting,2.0,2
haven't,3.67,6
expected,3.43,7
apps,3.0,1
listed,2.0,2
device,2.21,61
came,3.22,18
cord,1.12,8
expecting,1.0,1
previous,2.8,5
devices,2.32,22
seems,2.25,12
world,1.67,3
tower,1.0,1
sits,1.67,3
floor,2.0,4
cords,1.0,1
show,2.35,31
blend,1.0,1
shadows,1.0,1
near,1.5,2
thumb,1.0,1
beacon,1.0,1
messy,1.0,1
tacky,1.0,1
known,1.0,4
seen,3.0,2
pics,1.0,1
thoroughly,1.0,1
perhaps,2.67,3
given,2.0,5
crossed,1.0,1
mind,3.67,3
sorry,1.0,2
going,1.65,17
volume,4.0,5
set,3.84,31
literally,1.0,4
unhelpful,1.0,1
incompetent,1.0,1
sad,1.5,2
pitiful,1.0,1
disgrace,1.0,1
technological,1.0,1
community,1.0,1
shame,2.33,3
bezos:,1.0,1
lies,1.0,1
empty,1.0,1
promises,1.0,1
luck,1.0,4
asking,2.67,9
dishwasher,1.0,1
outshadows,5.0,1
earlier,3.5,4
units,2.0,4
areas,4.67,3
home,3.85,26
ability,3.33,6
hear,3.2,5
respond,2.5,6
playing,4.0,11
subscription,3.4,10
brown,1.0,1
noise,1.57,14
âskillâ,1.0,1
why,2.29,7
itunes,1.0,1
someday,1.0,1
commercial,1.0,1
(i,1.0,2
have),1.0,1
practically,5.0,2
stealing,5.0,1
it.reminds,5.0,1
trash,2.5,4
genuine,1.0,1
pieces,3.92,13
garbage,1.14,7
;,1.0,3
probelm,1.0,1
constant,1.0,2
push,1.0,3
advertisement,1.33,3
wanna,3.0,4
machine,1.8,5
spent,2.0,6
thereâs,1.8,5
50,1.0,1
paywalls,1.0,1
everything;,1.0,1
mechanics,1.0,1
âalexa,1.0,1
turn,2.65,17
lightâ,1.0,1
stopped,2.0,9
jeffery,1.0,1
bozo,1.0,1
shoves,1.0,1
celebrity,1.0,1
90âs,1.0,1
needs,3.0,5
paycheck,1.0,1
funny,2.33,3
voice,3.17,12
turning,2.4,5
dollars,1.0,2
wow,1.0,2
rest,2.25,4
eyes,1.0,1
7/10,1.0,1
sheâs,3.0,2
gonna,3.67,3
advertising,1.25,4
âbetter,1.0,1
noiseâ,1.0,1
each,3.85,13
unless,2.0,5
scream,2.67,3
robot,1.0,1
stop,2.11,9
âcanât,1.0,1
access,1.0,3
itâ,1.0,1
extra,1.75,4
200,1.0,1
recomendado,5.0,2
notification,4.0,4
general,4.5,2
questions,4.83,6
seller(s),5.0,1
dots,2.7,10
older,2.79,14
repeat,1.5,2
command,2.67,6
restarted,1.5,2
close,2.67,3
wifi,2.0,9
defective,1.2,5
able,2.62,16
response,2.33,3
loud,4.0,4
wish,2.4,10
clock,3.47,15
model,2.11,9
mainly,4.0,3
secondary,4.0,1
temperature,4.0,1
sensor,4.5,2
thermostat,4.5,2
durable,3.0,2
stars,3.78,9
communicate,3.0,2
anytime,4.67,3
couldn't,4.0,5
along,3.67,3
clear,3.67,6
understandable,5.0,1
immediately,3.17,6
hooked,5.0,1
modem,5.0,1
round,4.5,2
shape,4.0,6
clearness,5.0,1
features,3.0,7
minute,5.0,2
news,4.33,6
weather,4.42,12
alarm,4.25,12
heartily,5.0,1
install,4.67,3
pequeãa,5.0,1
esta,5.0,1
fascinada,5.0,1
functions,3.5,2
item,2.56,16
âswitchâ,1.0,1
âlisteningâ,1.0,1
capabilities,2.67,3
hacked,1.0,3
fool-proof,1.0,1
courtesy,1.0,1
credits,1.0,1
botched,1.0,1
deliveries,1.0,1
refunded,1.0,1
eavesdropping,1.0,1
concerned,1.0,1
encanta,5.0,1
llegã³,5.0,2
en,3.22,9
buen,5.0,4
estado,5.0,2
material,5.0,1
comprã©,5.0,1
dos,5.0,1
amo,5.0,1
resultados,5.0,1
create,3.0,2
routines,4.25,4
household,5.0,2
waking,2.25,4
greats,5.0,2
values,5.0,1
settings,2.19,16
disable,2.0,1
anymore,2.25,4
spotify,2.12,8
research,1.5,2
tell,3.67,6
changed,1.75,4
point,4.0,4
preferences,2.0,1
damn,2.0,1
sense,1.5,2
until,2.67,6
explain,2.5,2
ill,2.0,1
slowly,1.67,3
starting,3.5,2
aggravate,2.0,1
bulbsâ¦â¦,2.0,1
returned,1.0,6
re,1.0,1
customer,1.0,7
living,3.43,7
room,3.5,28
christmas,3.18,11
addition,4.5,4
compact,5.0,2
design,4.82,11
alexaâs,4.0,3
endless,3.0,2
smart,4.33,15
commands,2.75,4
delivers,5.0,1
results.the,5.0,1
bass,5.0,2
punchy,5.0,1
vocals,5.0,1
crisp,5.0,1
fills,5.0,2
bedroom,4.17,6
dining,4.0,3
space,4.0,4
streaming,3.0,4
playlists,5.0,1
podcasts,5.0,1
ambient,5.0,1
relaxation.alexa,5.0,1
flawlessly,5.0,1
controlling,5.0,1
setting,3.38,8
timers,3.17,6
alarms,4.0,3
reminders,5.0,3
daily,4.17,6
updates,4.0,4
trivia,5.0,1
skills.the,5.0,1
sleek,5.0,1
modern,4.0,2
fits,5.0,1
enough,4.33,12
sit,4.0,3
nightstand,3.5,2
kitchen,3.0,10
counter,3.0,2
shelf,4.0,4
built-in,5.0,1
led,5.0,1
display,3.4,5
models,3.0,3
bonus,4.5,2
alarms.it,5.0,1
seamlessly,3.67,3
connects,5.0,1
hub,5.0,1
plugs,5.0,1
speakers,3.5,6
multi-room,5.0,1
audio,5.0,3
game-changer,5.0,1
paired,4.25,4
â,5.0,1
throughout,4.25,4
touch,2.4,5
screen,1.89,36
main,3.5,2
reasons,2.0,1
buying,3.47,17
stream,2.8,5
radio,1.4,5
stations,2.0,3
suddenly,1.5,2
cut,3.4,5
repeatedly,2.0,2
unusable,2.0,1
frustrating,2.67,6
fix,1.8,5
sight,2.0,1
gurus,2.0,1
fixed,1.5,2
marshall,1.0,1
emberton,1.0,1
ii,1.0,1
powerful,5.0,1
integrates,5.0,1
into,3.58,33
setup,2.57,7
upgrading,5.0,1
wonder,3.0,2
ready,3.38,8
plug,1.83,6
ask/tehh,5.0,1
responds,2.33,6
clearly,5.0,2
learning,4.67,3
tal,5.0,1
se,5.0,4
ve,5.0,2
perfecto,5.0,2
bonito,5.0,1
efectivo,5.0,1
table,5.0,1
music;,5.0,1
damage,2.5,2
maravillosa,5.0,1
pongo,5.0,1
todas,5.0,2
musicas,5.0,1
disappointing,2.2,5
guest,4.5,2
hype,1.0,1
pile,1.0,2
junk,1.5,2
pandora,1.5,2
link,2.2,5
goes,3.09,11
profile,1.0,3
skill,1.0,2
childs,1.0,1
suspect,1.0,1
paid,2.0,3
annual,1.0,1
kids+,3.33,3
refuse,1.0,1
subscribe,3.83,6
tons,1.0,1
free,3.33,6
content...alexa,1.0,1
services,1.75,4
claims.i,1.0,1
10yo,1.0,1
rather,2.0,4
skills,1.17,6
completely,1.64,11
defeats,1.0,1
purpose,1.0,2
profiles,1.0,1
research:,1.0,1
ratings,1.0,1
gift,3.71,17
company,1.33,3
internet,2.86,7
team,1.0,1
solve,1.0,1
answer,3.0,2
website,1.0,1
manufacture,1.0,1
support,1.43,7
amazon.com,1.0,1
crazy,4.33,6
rating,1.0,1
chance,1.5,2
helping,1.0,1
producto,4.33,6
funciona,3.33,3
reproduce,1.0,1
musica,1.0,1
realidad,1.0,1
pã¡rese,1.0,1
tirar,1.0,1
dinero,1.0,1
useless,2.25,4
toy,2.0,1
nerds,2.0,1
exposed,2.0,1
listening/hacks,2.0,1
companies,1.5,2
accomplish,2.0,1
typing,2.0,1
(privately),2.0,1
phone,3.44,18
saying,1.5,4
todo,5.0,4
mundo,5.0,1
debe,5.0,1
tener,5.0,2
una,4.33,3
must,3.0,4
planet,1.0,1
updating,1.0,1
leads,1.0,1
loss,1.0,1
else,2.38,8
version,3.15,13
line,2.33,3
decent,2.25,4
system,1.0,2
mighty,1.0,1
--,1.0,2
compare,3.0,2
audiophiles,1.0,1
prefer.so,1.0,1
spot,1.6,5
died,1.5,2
chose,3.0,2
form-factor,1.0,1
facetime-like,1.0,1
line-out,1.0,1
lost,1.0,1
out.no,1.0,1
sell,3.0,4
ebay,1.0,1
double,1.0,1
spend,3.0,2
sized,2.5,4
impressed,3.25,4
ridiculous,1.0,4
wondering,1.0,1
youâll,1.0,1
facil,5.0,1
configurar,5.0,1
extremely,2.8,5
useful,5.0,1
comodo,5.0,1
info,3.0,2
gotta,5.0,1
haha,5.0,1
certainly,3.0,2
heard,3.5,2
remote,5.0,1
tempature,5.0,1
thermostats,5.0,1
bill,5.0,1
grciasss,5.0,1
rooms,4.0,3
resource,5.0,1
information,3.0,2
relatives,5.0,1
ok,2.33,6
iot,2.0,1
homethis,2.0,1
talking,3.5,2
tom,2.0,1
encantã³,5.0,2
hace,5.0,1
trabajo,5.0,1
sonido,5.0,3
nã­tido,5.0,1
relaciã³n,5.0,1
calidad,5.0,2
-precio,5.0,1
traded,2.0,1
(small,2.0,1
pucks),2.0,1
pops.so,2.0,1
go....it,2.0,1
large,3.5,4
inches,2.0,1
usb,2.0,2
place-,2.0,1
outlets,2.0,1
save,4.14,7
space.the,2.0,1
awkward,1.5,2
places,2.0,1
mounted,2.0,1
wall,2.0,3
cabinets,2.0,1
sides,2.0,1
operate,2.0,1
larger,3.25,4
hide,2.0,1
bright,1.5,2
fat,3.0,2
plug.it,2.0,1
fantastic.it,2.0,1
mis-hear,2.0,1
dots.i,2.0,1
rarely,2.25,4
moved,2.0,1
houses,2.0,1
controlled,2.0,1
motion,2.0,1
sensors,2.0,1
door,3.6,5
locks,2.0,1
sequences,2.0,1
moving.if,2.0,1
upgrade,2.33,3
hold,3.33,3
dots.it's,2.0,1
status,2.0,1
symbol,2.0,1
sitting,3.5,2
counters,2.0,1
shelves,2.0,1
nightstands,2.0,1
deeply,1.0,1
mistaken,1.0,1
random,1.25,4
occasions,1.0,1
'rain,1.0,1
sounds',1.0,2
properly,1.5,2
met,1.0,4
monologue,1.0,1
informing,1.0,1
fee,3.0,2
wished,1.0,1
effort,1.0,1
decline,1.0,2
silence.i,1.0,1
'sleep,1.0,1
recognized,1.0,1
'playing,1.0,1
sleep,2.5,8
now',1.0,1
instances,1.0,1
rain,1.0,1
loop,1.0,1
abruptly,1.0,1
you'll,1.5,2
back.i,1.0,1
glorified,1.0,1
greatshe,5.0,1
understands,5.0,2
caribbean,5.0,1
accent,5.0,1
welli,5.0,1
turns,2.67,6
livingroom,5.0,1
bulb,5.0,1
bedside,5.0,1
forecast,5.0,1
ð,5.0,2
linda,5.0,1
sãºper,5.0,1
bien,4.67,3
somehow,4.5,2
ruined,4.0,3
3rd,4.0,2
edition,4.5,2
recepticle,4.0,1
replacements,2.0,3
replace,2.0,5
5th,4.0,1
hockey,4.0,1
puck,3.0,2
except,4.5,2
seconds,3.0,5
react,4.0,1
gripe,4.0,1
mejor,5.0,3
lo,5.0,5
pense,5.0,1
figure,3.25,4
preferred,4.0,1
style,4.0,2
taller,4.0,1
echos,3.33,3
previously,4.0,1
added,3.44,9
lacks,4.0,1
nights,3.67,3
wouldnât,1.0,2
followed,2.25,4
suggestions,1.67,3
turned,3.18,11
router,1.0,2
mine,3.33,3
rumba,5.0,1
honestamente,5.0,1
compro,5.0,1
por,5.0,4
primera,5.0,1
vez,5.0,1
fin,5.0,1
tengo,5.0,1
â¡guau,5.0,1
â¡la,5.0,1
apariencia,5.0,1
sonidos,5.0,1
increã­bles,5.0,1
opciã³n,5.0,1
mantenerte,5.0,1
dã­a,5.0,1
pasa,5.0,1
alarmas,5.0,1
recetas,5.0,1
comida,5.0,1
â¡el,5.0,1
fabuloso,5.0,1
llega,5.0,1
habitaciones,5.0,2
tamaã±o,5.0,1
tambiã©n,5.0,1
oã­rte,5.0,1
otras,5.0,1
si,5.0,1
pides,5.0,1
algo,5.0,2
slow,1.71,7
opted,1.0,2
google,1.67,12
glitched,2.0,1
unrelated,2.0,2
song,2.12,8
lyrics,3.0,2
songs,2.79,14
hassle,2.5,2
receive,2.0,3
credit,1.0,2
question,2.33,3
video,1.78,9
doorbell,1.5,2
aosu,2.0,2
claimed,2.0,1
$97,2.0,1
intended,2.0,1
agreement,2.0,1
sticking,2.0,1
bargain,2.0,1
based,2.0,1
purchasing,1.5,2
advantage,1.5,2
gift.the,5.0,1
giving.sounds,5.0,1
good.easy,5.0,1
up.easy,5.0,1
use.great,5.0,1
calls,3.0,2
siriusxm,3.0,1
watch,2.88,8
netflix,3.0,3
hulu,3.0,1
twich,3.0,1
twitch,3.0,2
takes,3.14,7
silk,3.0,1
web,3.0,1
browser,2.0,2
login,3.0,1
sucks,1.75,4
videos,2.25,4
employer,3.0,1
âokayâ,2.0,1
signal,2.0,1
indicating,1.5,2
â,2.0,3
packages,2.57,7
shows,3.1,10
ad,4.4,5
movie,2.0,1
stupid,1.5,2
sluggish,2.0,1
tasks.stop,2.0,1
releasing,2.0,1
software/programming,2.0,1
fully,2.0,1
vetted,2.0,1
beta-tested,2.0,1
regress,2.0,1
alittle,3.0,1
amd,3.0,1
couod,3.0,1
allot,3.0,1
elevator,3.0,1
besides,3.0,1
luckily,3.0,2
laggy,1.0,1
crashes,1.0,2
constantly,2.75,4
logged,1.0,1
youtube,1.75,4
pop,2.0,2
latency,1.0,1
worst,1.25,4
alot,1.5,2
newest,1.0,2
acts,1.0,1
2016,1.0,1
everyone,5.0,1
adding,3.75,4
grocery,5.0,6
list,4.6,5
massage,5.0,1
smallness,5.0,1
cracked,1.0,1
either,2.3,10
wants,4.0,4
choose,2.0,3
exchange,1.0,3
lesser,1.0,1
greater,1.0,1
won't,2.91,11
allow,1.0,3
reorder,2.0,4
wasn't,2.29,7
daã±ado,1.0,1
puedo,2.5,2
devolver,1.0,1
porr,1.0,1
quã©,1.0,1
fue,1.0,1
enviado,1.0,1
otro,1.0,1
paã­s,1.0,1
add,4.14,21
force,1.0,1
1st,1.0,2
gen,2.0,4
(circa,1.0,1
2014),1.0,1
this.1,1.0,1
hold...possibly,1.0,1
forcing,1.0,1
stand,3.67,3
it.2,1.0,1
boasts,1.0,1
chat,1.0,2
built,1.0,1
battery,1.0,1
ft,1.0,1
limits,1.0,1
abilities.3,1.0,1
recognize,1.33,3
activate,1.0,2
confusing,1.0,1
supposed,1.0,3
controls,2.6,5
directly,1.0,3
user,1.0,3
friendly.overall,1.0,1
phd,1.0,1
figuring,1.0,1
shouldn't,1.0,2
requests,1.83,6
negative,2.0,1
8,2.7,10
load,1.5,2
content,3.25,4
plugged,3.0,3
source,2.0,1
continues,2.0,1
searching,2.0,1
loading,2.0,1
icon,2.0,1
pensã©,3.0,1
era,3.0,1
tan,3.0,1
pequeã±a,2.67,3
sound......worked,2.0,1
15,2.0,1
mins...then,2.0,1
2022,2.0,1
idk,3.5,2
refurbished,2.0,1
moment,2.0,1
restarts,2.0,1
lag,2.0,1
samsung,2.0,1
picks,2.0,1
itâll,2.0,1
reply,2.0,1
proceeds,2.0,1
there's,2.33,3
understand,1.5,2
6,3.75,8
criminally,2.0,1
underpowered,2.0,1
embarrassing,2.0,1
whatever,2.67,3
switching,2.0,1
hardly,1.0,1
more.it,1.0,1
fire,1.0,1
(fire,1.0,1
stick),1.0,1
tabletnif,1.0,1
hesitant,5.0,1
jump,5.0,2
automation,5.0,1
unstoppable!!!!garbage,1.0,1
agrado,3.0,1
mucho,4.0,2
pantalla,3.0,1
reacciã³n,3.0,1
tacto,3.0,1
tardã­a,3.0,1
default,1.14,7
ads,2.83,12
interact,3.0,2
school,5.0,10
nurse,5.0,1
silence,5.0,1
music/podcasts,5.0,1
photos,3.0,2
fails,1.0,1
pages,1.0,2
âsponsored,1.0,1
adsâ,1.0,1
reset,1.6,5
unplugging,1.0,2
nor,1.0,1
factory,1.5,2
resolve,1.0,1
persisted,1.0,1
serviceâs,1.0,1
trouble,2.0,2
shooting,1.0,1
waste,2.08,12
15%,1.0,1
toward,1.0,1
invest,1.0,1
freezes,1.67,3
forever,1.5,2
standstill,1.0,1
beaucause,1.0,1
camera,3.4,5
points,3.0,1
upwards,3.0,1
so...it's,3.0,1
someone,3.5,2
standing,3.0,1
disappointment,1.0,3
studio,1.0,2
hoped,1.0,1
unreliable,1.0,2
misses,1.0,1
creates,3.0,2
confusion,1.0,1
occasional,1.0,1
burnt,1.0,2
dish),1.0,1
worse,1.0,7
women's,1.0,1
voices,3.0,2
flickers,1.0,1
occasionally,1.0,1
casting,1.0,1
potenteno,5.0,1
poner,5.0,1
paã­ses,5.0,1
complicado,5.0,1
configurarlapor,5.0,1
demã¡s,5.0,1
please,3.0,3
improved,2.5,2
lacking,2.67,3
horrible,1.5,6
bomb,3.0,1
runs,4.33,3
flawless,3.0,1
th,5.0,1
enjoyed,5.0,2
flicker,5.0,1
datewas,5.0,1
consistantly,5.0,1
updated,5.0,1
options,4.0,6
ripped,2.0,3
tl;dr,1.0,1
summary:,1.0,1
model;,1.0,1
onemaybe,1.0,1
lemons,1.0,1
row,1.0,2
it.i've,1.0,1
(3,1.0,1
models),1.0,1
2018...and,1.0,1
6.5yrs,1.0,1
(even,3.0,2
stupider,1.0,1
smarter,1.0,1
time),1.0,1
(won't,1.0,1
echo/alexa,1.0,1
pleased,1.0,1
with.)i,1.0,1
(in,1.0,1
cloud,1.0,2
color),1.0,1
oct,1.0,2
2024,1.25,4
acting,1.0,1
ways,1.0,2
none,3.0,2
called,1.83,6
troubleshooting,1.5,4
agreed,1.0,1
send,2.3,10
2nd,1.67,6
(which,3.0,2
repackaged),1.0,1
acted,1.0,1
weird,1.0,1
defects.issues:**1**,1.0,1
frequent,1.0,1
recurring,1.0,1
issue:,1.0,1
entirely,1.0,1
unplugged),1.0,1
colored,1.0,2
bar,1.0,2
bottom,1.5,2
listening,2.86,7
asked,2.5,6
verbal,1.0,1
expected),1.0,1
write,1.0,2
words,2.5,2
text,1.0,1
pitch,1.0,1
background,1.0,3
(if,1.0,1
visual,1.0,2
albeit,1.0,1
dim,1.0,1
mode...at,1.0,1
mode,1.0,3
exists,1.0,1
behaving,1.0,1
normally.),1.0,1
state,1.0,2
(aka,1.0,1
"apps"""")",1.0,1
spoke,1.0,1
then...nothing,1.0,1
nada,1.5,2
nil...no,1.0,1
another...same,1.0,1
frozen,2.33,3
glitching,1.0,2
hours.i,1.0,1
2-3,1.5,2
mostly,3.0,2
reps,1.0,1
(before,1.0,1
receiving,1.0,2
one),1.0,1
claims,1.0,1
second,2.62,8
exact,1.0,2
1+,1.0,1
yrs,3.0,2
prior,1.0,2
happened,1.0,1
devices),1.0,1
****,1.0,1
giggles,1.0,1
bc,1.0,1
discontinuing,1.0,1
proven,1.0,1
reliability),1.0,1
replacement,1.0,4
(3rd,1.0,1
device),1.5,2
(thinking,1.0,1
batch,1.0,1
eggs),1.0,1
nope,2.33,3
defectives,1.0,1
without.more,1.0,1
typical,3.0,2
(that,1.0,1
2+,1.0,1
24hrs):*2*,1.0,1
freezing,1.0,1
unresponsive,1.0,1
(have,1.0,1
fix);*3*,1.0,1
(dim,1.0,1
bckgd,1.0,1
image,1.0,1
w/,1.0,1
clock),1.0,1
room;*4*,1.0,1
opposite...not,1.0,1
(it's,1.0,1
someone's,1.0,1
brighten,1.0,1
resume,1.0,1
active,1.0,1
standby,3.0,2
scrolling,1.0,1
stories,2.25,4
recipes,3.5,4
recommendations,1.0,1
etc.)...not,1.0,1
ring,2.25,4
chime,1.0,1
failed,1.0,2
giving,2.67,3
repair,1.0,1
suggest,2.0,2
monitor,3.25,4
wireless,1.0,1
accounts,1.0,1
cellular,1.0,1
six,3.8,5
boxed,4.17,6
review,2.0,2
genial,5.0,1
necesito,5.0,1
solo,5.0,1
deberã­a,5.0,2
cã¡mara,5.0,1
complimenting,1.0,1
steakhouse,1.0,1
butter,4.54,13
rolls,1.0,1
bread.unfortunately,1.0,1
sneaky,1.0,1
live,2.0,4
billboard,3.0,2
50/50,1.0,1
standard,3.0,2
âshowsâ,1.0,1
ditch,1.0,1
both.itâs,1.0,1
mom,2.33,6
shortly,5.0,1
five,3.5,2
idea,4.0,4
originally,3.0,1
hubby,3.0,1
wldnt,3.0,1
preparing,3.0,1
meals,3.67,3
may,2.43,7
rtn,3.0,1
plays,3.29,7
wonderfully,3.0,1
thru,3.0,1
shop,1.0,1
rebooting,1.0,1
missed,1.0,1
date,2.0,8
timing,1.0,1
failure,1.0,1
stuck,1.33,6
logo,1.0,1
countless,1.0,1
success,1.0,1
clever,5.0,1
knows,3.0,2
benefits,5.0,1
worldâs,5.0,1
tiniest,5.0,1
square,5.0,1
spoiler,5.0,1
alert:,5.0,1
decency,5.0,1
entertaining.the,5.0,1
good:it,5.0,1
tells,4.0,4
busy,4.75,4
hawking,5.0,1
vitamins,5.0,1
meeting,5.0,1
luckâyou're,5.0,1
disappear,5.0,1
first.it,5.0,1
displays,5.0,1
oh,3.0,2
yeah,5.0,1
relentless,5.0,1
award,5.0,1
âmost,5.0,1
technology.âalexa,5.0,1
listens...occasionally,5.0,1
prepared,5.0,1
silent,5.0,1
priorities,3.0,2
guess.the,5.0,1
bad:ads,5.0,1
ads:,5.0,1
realize,5.0,3
signing,5.0,1
24/7,5.0,1
infomercial,5.0,1
nasa,5.0,1
launch,5.0,1
panel,2.33,3
comingâlike,5.0,1
overly,3.5,2
persistent,5.0,1
sales,3.0,2
rep,5.0,1
hint.itâs,5.0,1
distracting:,5.0,1
this:,5.0,1
glance,5.0,1
bam,5.0,1
supplement,5.0,1
pops,2.75,4
âbe,5.0,1
productiveâ,5.0,1
guilt-tripped,5.0,1
fish,5.0,1
oil,5.0,1
capsules.the,5.0,1
ugly:even,5.0,1
diving,5.0,1
deep,5.0,1
preference,5.0,1
suggested,5.0,1
game,5.0,3
(seriously,5.0,1
thing?),5.0,1
sneak,5.0,1
timed,5.0,1
reappear,5.0,1
20%,5.0,1
stolen,5.0,1
bought.final,5.0,1
verdict:the,5.0,1
parties,5.0,1
mlm,5.0,1
potentialâsmart,5.0,1
alarmsâbut,5.0,1
obsession,5.0,1
virtual,5.0,1
stockholm,5.0,1
syndrome,5.0,1
gadget,5.0,1
upsell,5.0,1
protein,4.5,2
shakes.i,5.0,1
rated,5.0,1
reality,5.0,1
deserves,5.0,1
2/5,5.0,1
time-telling,5.0,1
(when,5.0,1
it),5.0,2
ads),5.0,1
pleaseâjust,5.0,1
peaceful,5.0,1
upgraded,1.0,1
move,1.0,2
falls,1.0,2
socket,1.0,1
shove,1.0,1
socked,1.0,1
checked,2.0,1
theyâve,2.0,1
interface,2.0,1
severely,2.0,1
telephone,1.0,1
talk,3.67,3
placing,1.0,2
i-phone,1.0,1
call,3.12,8
facetime,1.0,1
version's,1.0,1
view,1.0,3
close-up,1.0,1
face,2.6,5
act,1.0,1
security,1.0,2
record,1.0,1
horrid,1.0,1
colors,1.0,1
distorted,1.0,1
horribly,1.0,1
sunburn,1.0,1
(duh,1.0,1
middle,2.67,3
looked!),1.0,1
mouths,1.0,1
beginning,1.0,1
writing,1.0,1
produce,1.0,1
customers,1.0,2
leading,1.0,1
leadership,1.0,1
well-known,1.0,1
phase,1.0,1
external,1.0,1
jack,1.0,1
headphones,1.0,1
fourth,1.0,1
randomly,1.33,3
couldâve,2.0,1
graphics,4.0,1
eyesight,4.0,1
distance,3.0,2
bombarded,2.0,1
not-so-subtle,2.0,1
pitches,2.0,1
uptick,2.0,1
recent,2.0,1
obvious,2.0,1
innocuous,2.0,1
games,3.0,5
bring,3.5,2
buy.shopping,2.0,1
helpful,4.25,4
money-grab,2.0,1
suggests,2.0,1
re-order,2.0,1
six-month,2.0,1
quantity.and,2.0,1
ai,2.0,1
instance,2.0,1
sports,2.0,1
scores,2.0,1
spoiling,2.0,1
recorded,2.0,1
greeted,2.0,1
highlight,2.0,1
thumbnails,2.0,1
thing.you,2.0,1
activating,2.0,1
disturb,1.5,2
quiets,2.0,1
notifications,2.0,1
you've,2.0,1
up.in,2.0,1
expect,3.6,5
technology,2.0,1
providing,3.5,2
sleepless,2.0,1
huckster,2.0,1
scroll,1.0,1
adjusted,2.0,2
scrolls,1.0,1
seven,1.0,1
drop-in,1.0,1
elsewhere,1.0,2
yell,1.0,1
across,1.0,1
drop,2.33,3
hang,1.0,1
tapped,1.0,1
tuxedo,1.0,2
suits,1.0,1
24-7;,1.0,1
great.edit:,1.0,1
exited,1.0,1
advertise,1.0,1
dystopian,1.0,1
hell,1.0,2
refer,1.0,1
cameras,1.0,2
pictures,2.0,2
nobody,1.0,1
tomorrow,1.0,1
contact,1.0,2
course,3.67,3
return/replace,1.0,1
timeframe,1.0,1
warranty,1.0,3
period,1.5,2
sat,1.0,3
moved/dropped,1.0,1
spill,3.0,2
defect,1.0,1
till,2.0,2
logo..unplugged,2.0,1
(forgot,2.0,1
lol),2.0,1
logo..also,2.0,1
14th,3.0,1
workshop,5.0,1
covered,4.0,2
deck,5.0,1
cube,5.0,1
operates,5.0,1
tv's,5.0,1
shopping,5.0,2
lists,5.0,1
allows,5.0,1
(without,5.0,2
hunting,5.0,2
phone),5.0,1
recipe,5.0,2
tablet),5.0,1
handy,4.67,3
mala,1.0,1
responde,1.0,1
cuando,1.0,1
uno,1.0,1
dice,2.5,2
abra,1.0,1
ni,1.0,1
talks,4.0,3
cares,5.0,1
intelligent,5.0,1
stoped,3.0,1
smaller,4.0,12
scratch,1.0,1
crack,1.0,1
sideâ¦why,1.0,1
protected,1.0,1
betterâ¦definitely,1.0,1
finishing,1.0,1
installing,1.0,1
deliberately,1.0,1
faulty,1.0,1
unplugs,1.0,1
tapping,1.0,1
mount,1.0,1
installation,1.0,1
littered,1.0,1
audible,1.0,1
replaced,1.0,1
ugly,1.0,1
numbers,1.0,1
totally,1.0,1
$89,1.0,1
$49,1.0,1
attacks,1.0,1
communicated,1.0,1
upfront,1.0,1
returning,1.25,4
thankyou,5.0,1
christmas;,1.0,1
dying,1.0,1
crash,1.0,1
5âs,1.0,1
october,1.0,1
2023,1.0,1
expired,2.6,5
begun,1.0,1
technical,1.0,2
glitches,1.0,2
software,2.0,4
unit,1.0,3
tearing,1.0,1
side,3.82,11
unfixable,1.0,1
forum,1.0,1
articles,1.0,1
dozens,1.0,1
reading,1.0,1
guides,1.0,2
changing,2.0,2
screens,1.0,1
hardware,1.0,3
basically,2.67,3
25.00,1.0,1
top,3.5,6
original,3.85,13
amazonâs,1.0,1
departments,1.0,1
department,1.0,1
unbearable,1.0,1
purchases,1.0,1
nightmare,1.0,1
a.i,1.0,1
grandmas,5.0,1
saved,5.0,1
connected,4.0,4
911,5.0,1
cameras...love,5.0,1
wakes,5.0,1
morning,5.0,6
greeting,5.0,1
whatâs,5.0,2
calendar,5.0,1
traffic,5.0,1
report,5.0,1
positive,5.0,1
affirmation,5.0,1
(,4.0,3
not?).when,5.0,1
dog,3.92,48
barks,5.0,1
soothing,5.0,1
dogs,4.51,35
blasting,5.0,1
cook,4.16,19
knew,5.0,1
like.i,5.0,1
catered,5.0,1
savvy,3.0,2
person,4.4,5
feet,2.0,2
reliably,2.0,1
pick,3.33,3
wake,3.6,5
word,1.5,2
(echo),2.0,1
5-8,2.0,1
(the,2.0,1
kitchen),2.0,1
execute,2.0,1
issuing,2.0,1
(play,2.0,1
channel,2.0,1
sirius,2.0,1
xm,2.0,1
what's,3.25,4
basic/simple),2.0,1
heavily,3.5,2
dud,2.0,1
spied,2.0,1
speaking,2.0,1
(different,2.0,1
album,2.0,1
mentioned,2.0,1
showcases,1.0,1
use.the,1.0,1
setup.the,1.0,1
compares,1.0,1
products.the,1.0,1
unpacked.video,1.0,1
player,1.0,1
loading.play,1.0,1
videoplaymutecurrent,1.0,1
time0:00/duration0:02loaded:100.00%0:00stream,1.0,1
typeliveseek,1.0,1
currently,3.0,2
liveliveremaining,1.0,1
time-0:021xplayback,1.0,1
ratechapterschaptersdescriptionsdescriptions,1.0,1
selectedcaptionscaptions,1.0,1
selectedaudio,1.0,1
trackdefault,1.0,1
selectedfullscreenthis,1.0,1
modal,1.0,1
window.this,1.0,1
malfunction,1.0,1
touched,1.0,1
contacted,2.0,2
cant,3.5,2
wont,2.0,1
available,3.0,2
unwanted,2.0,1
promotions,2.0,1
throw,1.5,4
aesthetic,2.0,1
loaded.the,5.0,1
trade,1.0,1
program,1.5,2
kindle,1.0,1
perfectamente,5.0,1
pedã­,5.0,1
negro,5.0,2
pero,5.0,2
cable,5.0,2
blanco,5.0,1
ðµâð«,5.0,1
estã©ticamente,5.0,1
ser,5.0,1
camufle,5.0,1
ahã­,5.0,1
bake,5.0,1
niece,5.0,1
grandchild,5.0,1
wanting,2.67,3
silly,3.0,1
inevitably,1.0,1
applied,1.0,1
attached,1.0,2
requires,1.5,2
re-set,1.0,1
possible,1.0,1
present,5.0,3
granddaughter,4.83,6
hasn't,5.0,1
she's,3.2,5
cute,4.26,19
ð,5.0,1
1*,3.0,1
3*initial,3.0,1
complaints:device,3.0,1
sibling,3.0,1
so.i,3.0,1
networks,3.0,1
denied,3.0,1
it.new,3.0,1
review:after,3.0,1
initial,3.0,1
manual,3.0,1
step,3.0,1
tap,3.0,1
blame,3.0,1
evidence,3.0,1
pointed,3.0,1
(including,3.0,1
ultimately,3.0,1
resolved),3.0,1
tap/non-bluetooth,3.0,1
method,3.0,1
yours,3.0,1
working.still,3.0,1
advise,3.0,1
newer,3.0,1
potential,3.0,1
successful,3.0,1
35,3.0,1
hundreds,3.0,1
things.they're,3.0,1
problems,3.0,1
require,4.0,2
rekey,3.0,1
password,3.0,1
key,3.0,1
texted,3.0,1
number.i,3.0,1
slam,3.0,1
against,3.0,1
hassle.update:,3.0,1
needlessly,3.0,1
required,1.67,3
24,3.0,1
otp,3.0,1
passwords,3.0,1
relied,3.0,1
okay,3.0,1
defaulted,2.0,2
cell,4.0,2
ranking,3.0,1
star,1.8,5
sun,1.0,3
alexa:,1.0,1
quiet,3.0,2
we're,1.0,3
upset,3.67,3
today,3.0,2
we'll,1.0,1
calming,1.0,1
ideas,1.0,1
suggestion,1.0,1
dad,2.33,3
stressed,1.0,1
links,1.0,1
that'll...get,1.0,1
hey,1.0,2
us...do,1.0,1
billy,1.0,1
approximately,1.5,2
93,1.0,1
million,1.0,1
miles,1.0,1
earth,1.0,1
learned,1.0,1
telling,2.33,3
adults,5.0,2
encountered,1.0,1
thousands,1.0,1
lasted,2.0,1
eachbofbmy,4.0,1
exho,4.0,1
girly,4.0,1
download,4.0,1
depth,4.0,1
included,4.67,3
accessible,4.0,1
explore,4.5,2
im,4.0,1
moon,4.0,1
name,5.0,1
clairvoice,5.0,1
pattern,5.0,1
reflects,5.0,1
mother,5.0,1
wonders,5.0,1
loaded.love,5.0,1
owl,3.89,9
hearing,5.0,2
letting,5.0,1
som,5.0,1
freedom,5.0,1
learn,5.0,1
discovered,3.67,3
christian,1.0,1
âfamilyâ,1.0,1
station,1.0,1
dropped,1.0,1
f-bomb,1.0,1
sabrina,1.0,1
carpenter,1.0,1
aware,1.0,1
whack,1.0,1
censorship,1.0,1
thereof,1.0,1
functional,4.0,3
surprise,2.0,1
roadblocks,2.0,1
forced,2.0,1
hot,3.0,2
mess,2.88,8
creeps,2.0,1
speaker.on,2.0,1
fellow,1.0,1
parents,3.0,4
intrusive,1.0,1
listens,1.0,1
disrutpive,1.0,1
spying,4.0,1
ð¥¸,4.0,1
utilizo,5.0,1
niã±o,5.0,1
extraordinario,5.0,1
reãºno,5.0,1
expectativas,5.0,1
flimsy,1.0,1
bag,3.19,16
damaged,3.0,6
fairly,1.0,1
error,1.0,1
loveeeee,5.0,1
limited,1.0,1
offering,1.0,1
kinda,1.0,1
creative,5.0,1
picked,5.0,2
carried,5.0,1
nephew,4.5,2
thinking,2.33,3
refuses,2.0,1
enabled,1.33,3
researching,2.0,1
disconnected,2.0,1
yells,2.0,1
message,3.0,3
kidding,2.0,1
waaaay,2.0,1
impression,2.0,1
poorly,2.0,1
collector,5.0,1
54,5.0,1
impossible,1.0,1
(newest,5.0,1
model),5.0,1
absolute,5.0,1
specifically,5.0,2
safety,2.33,3
featuring,5.0,1
robust,5.0,1
parental,5.0,5
peace,5.0,1
1-year,5.0,1
packed,3.5,2
kid-friendly,5.0,2
audiobooks.the,5.0,1
tool,5.0,3
bedtime,3.71,7
homework.if,5.0,1
educational,5.0,2
jokes,5.0,2
taylor,4.0,1
swift,4.0,1
dragon,4.75,4
capital,5.0,1
canada,4.5,2
7th,2.0,1
birthday,4.4,5
begging,2.0,1
greatâ¦,2.0,1
weâve,2.75,4
downloaded,2.0,1
collecting,2.0,1
dust,2.0,1
asks,3.5,2
directions,2.75,4
boy,3.5,2
badly,2.0,1
paperweight,2.0,1
provider,2.0,1
toddlerâs,5.0,2
engaging,5.0,1
'daily,5.0,1
"kids,'",5.0,1
shares,5.0,1
science,5.0,1
facts,5.0,1
discoveries,5.0,1
plenty,5.0,2
skillsâlike,5.0,1
storytime,3.0,2
playback,5.0,1
(check,5.0,1
terms),5.0,1
reach,5.0,2
interacting,5.0,1
adorable,5.0,1
wildlife,5.0,1
activar,4.0,1
modo,4.0,1
story,3.67,6
readings,5.0,1
joke,5.0,1
â¥ï¸,5.0,1
costs,2.0,1
monthly,4.0,3
sending,3.5,2
teenager,2.0,1
four-year-old,1.0,1
connectivity,3.0,2
programming.the,1.0,1
100%,1.0,1
inconvenient,1.0,1
matters,1.0,1
attempted,1.0,1
possibly,3.0,2
representative,1.0,1
sonâs,5.0,1
naturally,5.0,1
upstairs,5.0,1
downstairs,5.0,2
6yr,4.0,1
adapt,4.0,1
child's,4.0,1
speech,4.0,1
impediment,4.0,1
search,2.0,2
filtered,3.0,1
unanswered,3.0,1
setupvery,5.0,1
greatyou,5.0,1
clarityyes,5.0,1
precio,5.0,1
bajar,5.0,1
misma,5.0,1
versiã³n,5.0,1
visto,5.0,1
hacer,5.0,1
diferente,5.0,1
bezos,5.0,1
me.gusto,5.0,1
es.lo,5.0,1
esperaba,5.0,1
grader,1.0,1
requested,1.0,1
iheart,1.0,2
disabled,3.0,2
1-hour,1.0,1
chapter,1.0,1
book,3.0,2
fairies,1.0,1
âhmmmm,1.0,1
that.â,1.0,1
hasnât,1.0,1
resolved,1.0,1
regret,3.0,2
troubleshoot,1.0,1
conversation,5.0,2
today*getting,5.0,1
grumpyme:,5.0,1
talkinga,5.0,1
moments,5.0,1
laterson:,5.0,1
talk?me:,5.0,1
what?son:,5.0,1
hardest,5.0,2
mom???me:,5.0,1
huh,5.0,1
(*shocked),5.0,1
that?son:,5.0,1
alexame:,5.0,1
alexa?son:,5.0,1
life?me:,5.0,1
ð¥¹ð¥¹ð¥¹my,5.0,1
calories,5.0,4
dote,5.0,1
gifted,5.0,1
birthday.absolutely,5.0,1
touching,5.0,1
singing,5.0,1
nursery,5.0,1
rhymes,5.0,1
applauding,5.0,1
encantado,5.0,1
hijo,5.0,2
incapable,2.0,1
following,2.0,1
locate,2.0,1
select,2.0,1
playlist,2.0,3
britney,2.0,1
spears,2.0,1
toxic,2.0,1
blippi,2.0,2
trick,3.5,2
chappel,2.0,1
roan,2.0,1
benson,2.0,1
boone,2.0,1
seemed,2.0,1
satisfecho,5.0,1
acorde,5.0,1
requerimiento,5.0,1
boys,4.67,3
can:,5.0,1
dancing,5.0,2
syncing,5.0,1
compatible,5.0,1
futuristic,5.0,1
simply,5.0,3
phenomenal,5.0,1
smiles,5.0,1
grandkid's,5.0,1
faces,5.0,1
priceless,5.0,1
annoyed,5.0,1
grandma,5.0,1
grandpa,5.0,1
gifts,5.0,1
permission,5.0,1
snag,5.0,1
demand,5.0,1
detract,5.0,1
appropriate,1.0,1
sooo,5.0,2
sunroom,5.0,1
progress,5.0,1
calling,5.0,1
littles,5.0,2
heat,3.75,4
owls,2.0,1
classroom,2.0,1
glow,1.0,1
firestick,1.0,1
projector,1.0,1
daughter's,3.0,2
disclaimer,1.0,1
capability,1.0,1
*please,1.0,1
monitored,5.0,1
opt,5.0,1
love.my,5.0,1
frequently,4.33,3
independent-,5.0,1
challenges,5.0,1
reading/,5.0,1
delays/,5.0,1
âspeakâ,5.0,1
ensure,5.0,1
etc.so,5.0,1
independence,5.0,1
depends,5.0,1
aã±os,5.0,1
estã¡,5.0,1
feliz,5.0,1
bypassed,4.0,1
explicit,4.0,1
inappropriate,1.0,1
non-existent,1.0,1
reddit,1.0,1
nest,3.0,2
mini,1.0,1
b-d,5.0,1
ellas,5.0,1
hermoso,5.0,1
adecuado,5.0,1
uk,4.0,1
germany,4.0,1
japan,4.0,1
9,5.0,4
ârain,5.0,1
soundsâ,5.0,1
block,2.67,3
babysitter,5.0,2
(left,5.0,1
emergency),5.0,1
(age,5.0,1
4),5.0,1
became,5.0,1
instantly,5.0,1
fascinated,5.0,1
engaged,5.0,1
interactive,5.0,1
provoking,5.0,1
whenever,3.5,2
preschooler,5.0,1
nightlight,5.0,1
match,5.0,1
mood,5.0,2
experimenting,5.0,1
hues,5.0,1
cozy,5.0,1
atmosphere,5.0,1
her.what,5.0,1
articulate,5.0,1
requestsâmuch,5.0,1
pulls,5.0,1
ensuring,5.0,1
age-appropriate.sheâs,5.0,1
joy,5.0,1
storytelling;,5.0,1
mornings.on,5.0,1
considering,5.0,1
charm,5.0,1
entertainment,5.0,1
magic,5.0,1
volverã­a,5.0,1
comprar,5.0,1
he's,5.0,2
oriented,5.0,1
worry,5.0,1
sign,3.0,2
easiest,5.0,1
food,3.32,31
heart,5.0,2
plastic,3.75,4
containers,5.0,1
soon,5.0,2
sceptical,5.0,1
risk,5.0,1
expire,5.0,1
summer,5.0,1
2025,3.5,2
lots,4.67,3
broken,4.0,5
microwavable,4.33,3
single,4.2,5
serving,4.33,3
mac,4.44,81
cheese,4.05,108
18,3.5,4
serve,4.33,3
pouches,3.0,3
unopened,3.0,1
17,3.0,1
starving,3.0,2
packet,4.14,7
eat,4.0,27
processed,4.0,2
foods,5.0,1
individually,3.5,2
wrapped,5.0,1
styrofoam,5.0,1
cup,3.9,10
microwave,3.95,22
mug,5.0,1
stove,4.67,3
miss,2.5,2
noodle,2.75,4
packets,3.75,12
spilled,2.33,3
returns,1.5,2
exchanges,2.0,1
accepted,2.0,1
boil,5.0,4
pan,5.0,1
drain,5.0,2
affordable,5.0,1
kraft,4.26,34
prepare,3.5,2
creamy,4.29,7
delicious,4.88,17
comforting,4.0,1
satisfying,4.0,1
meal,4.43,23
mistakenly,3.0,1
noodles,2.59,17
sauce,3.43,14
ten,3.0,1
spoonsful,3.0,1
snack,4.75,8
cover,3.0,1
starchy,2.0,2
pasta,4.25,8
content.watery,2.0,1
macaroni,3.79,19
feed,2.67,6
group,5.0,1
#annoyed,5.0,1
small.timy,2.0,1
songle.packets,2.0,1
sizing,5.0,1
fend,5.0,1
self,5.0,1
boiling,1.0,1
giant,3.0,2
ended,1.5,4
mix,3.25,4
shipping,4.0,4
retaped,1.0,1
deceiving,3.0,1
prepackaged,3.0,1
microwaveable,3.0,1
bowls/cups,3.0,1
pour,3.0,1
bowl,4.29,7
yourself,4.0,2
undercooked,4.0,1
overcooked,4.5,2
gummy,4.0,1
milk,4.92,12
pouch,4.33,3
additional,4.0,1
enjoying,5.0,2
yummy,5.0,5
n,3.75,12
id,4.0,2
costco,4.0,2
sams,3.0,1
club,3.0,1
bulk,3.0,1
ton,3.0,1
6$,3.0,1
odd,3.0,1
film,3.0,1
bowls,3.67,3
offputting,3.0,1
normal,2.33,3
guess,2.0,2
textures,3.0,1
youre,3.0,1
powder,4.12,8
"packed,easy",5.0,1
dislike,2.0,1
container,2.0,1
snacks,5.0,3
rice,5.0,1
potatoes,5.0,1
smack,5.0,1
venn,5.0,1
diagram,5.0,1
lazy,5.0,4
hungry,5.0,3
butit,5.0,1
that...next,5.0,1
onescall,5.0,1
lunch,5.0,4
bowlfor,5.0,1
dinner,4.75,8
minus,3.0,1
amazes,3.0,1
happen,3.0,1
manufacturing,3.67,3
wrap,3.0,1
comments,3.0,1
stating,3.0,1
gathering,3.0,1
inconvenience,3.0,1
nifty,3.0,1
male,3.0,1
nine,3.0,1
incredible,3.0,1
goodit,5.0,1
brought,5.0,2
driveway,5.0,1
8/9,5.0,1
3/18,3.0,1
spilling,3.0,1
everywhere,4.0,3
proper,3.0,1
seal,4.0,2
sliced,4.0,2
separating,3.0,1
bank,5.0,2
eating,5.0,7
preparation,5.0,1
eliminates,5.0,1
stovetop,5.0,1
storing,5.0,1
leftovers,5.0,2
raised,5.0,1
grandson,5.0,6
pkg,5.0,1
surprised,3.0,2
remembered,5.0,1
shipper,5.0,1
flavor.you,1.0,1
pkgs,3.0,1
orders,1.0,1
smashed,1.0,2
gross,2.5,2
ordering,3.67,3
easymac,5.0,1
sort,5.0,1
portion,3.5,2
instant,4.0,1
dorm,4.5,2
tuna,4.5,2
burst,4.0,1
servings,3.5,2
losing,4.0,1
vacuuming,4.0,1
carpet,4.0,1
prepper,5.0,1
givin',5.0,1
college,5.0,1
ð,5.0,1
cheesiest,5.0,1
cooked,4.5,2
paper,4.0,1
plate,4.5,2
shipment,4.5,2
finely,4.0,1
ham,4.5,2
filling,4.0,1
fixing,4.0,1
nuke,5.0,1
dish,4.71,7
tasted,3.0,3
thick,4.5,2
16,3.0,2
hurry,5.0,2
3.5,5.0,2
stir,4.33,3
feeds,5.0,1
tried.every,1.0,1
mushy,3.0,7
crap.something,1.0,1
profit,5.0,1
mixed,5.0,1
chili,5.0,1
6yrs,5.0,1
2yrs,5.0,1
sharing,5.0,1
avoids,5.0,1
lunches,5.0,1
elempaque,2.0,1
poco,2.0,1
prã¡ctico,2.0,1
viene,2.0,2
bolsas,2.0,1
cajitas,2.0,1
gustã³,2.0,1
lean,2.0,1
caja,2.0,1
antes,2.0,1
comprarlo,2.0,1
porque,2.0,1
empaque,2.0,1
especifica,2.0,1
bolsitas,2.0,1
classic,5.0,2
packing,3.0,1
speaks,3.0,1
art,1.0,1
boili,1.0,1
g,1.0,1
mistery,1.0,1
isn't,3.0,2
13,1.0,1
23,1.0,1
passed,1.0,1
unsafe,1.0,1
non,2.5,2
returnable,1.0,2
throwing,1.0,4
pantry,5.0,2
necessity,5.0,1
tweens,5.0,1
starvation,5.0,1
terrible.if,1.0,1
man's,5.0,1
virtually,5.0,1
canned,5.0,1
meat,5.0,1
veggie,5.0,1
added.i,5.0,1
pasta.it,5.0,1
legendary,5.0,1
ramen,5.0,1
compiled,5.0,1
portions,2.0,1
goods,1.0,1
ones.these,4.0,1
condition,2.0,1
gastroparesis,2.0,1
causes,2.0,1
stomach,2.0,1
paralyze,2.0,1
f,2.0,1
dusty,2.0,1
normally),2.0,1
afterschool,5.0,1
fuss,5.0,1
mouse,1.0,1
bait,1.0,1
barn,1.0,1
low,3.0,2
keeping,5.0,1
settling,5.0,1
ð§,5.0,1
ð,4.75,4
stock,5.0,1
deluxe,4.27,11
disappoints,5.0,2
rich,5.0,1
flavorful,5.0,1
cooks,5.0,2
weeknights,5.0,1
weekends.while,5.0,1
healthiest,5.0,1
undeniably,5.0,1
childhood,5.0,1
holds,5.0,1
melted,2.0,1
chemical,1.5,2
anybody,1.0,1
distribute,1.0,1
m&c,1.0,2
knowing,1.0,1
unhealthy,1.0,1
salty,3.25,4
crap,1.0,2
sizes,5.0,2
52-54,5.0,1
breathe,5.0,1
visit,5.0,1
finding,5.0,1
flash,5.0,1
refrigerated,5.0,1
blessing,5.0,1
god,5.0,1
condiments,5.0,1
spice,5.0,1
plain,4.0,3
ketchup,5.0,2
and/or,5.0,1
introverted,5.0,1
visiting,5.0,1
10/10,5.0,1
sodium,2.0,1
elbows,2.0,2
alternative,3.5,2
velveeta,3.67,6
adults),5.0,1
cheese.we,5.0,1
store!the,5.0,1
supper,5.0,1
beans,5.0,1
chilli,5.0,2
skinless,5.0,1
chicken,4.75,8
bite,5.0,4
gourmet,1.0,1
treat,4.17,24
means,5.0,2
consume,5.0,1
lowest,5.0,1
non-dry,5.0,1
3-pack,5.0,1
dense,5.0,1
plentiful,5.0,1
cheesy,4.5,4
varieties,5.0,1
usual,5.0,1
casserole,5.0,1
(tuna,5.0,1
peas,4.67,3
2tbsp,5.0,1
fine-minced,5.0,1
onion),5.0,1
one-sitting,5.0,1
denser,5.0,1
cupful,5.0,1
enjoyable.the,5.0,1
higher,5.0,1
justified,5.0,1
lower,5.0,1
returned;,1.0,1
powdered,1.67,3
n/a,4.0,1
fave,5.0,1
âboxedâ,5.0,1
cheeseperfect,5.0,1
house.add,5.0,1
pinch,5.0,2
nutmeg,5.0,1
toasted,5.0,1
breadcrumbs,5.0,1
homemade,5.0,1
remembers,5.0,1
camping,5.0,1
stable,5.0,1
sick,1.0,2
refused,2.5,2
cancel,1.0,1
arrive,1.0,1
grew,5.0,2
fancy,5.0,1
technically,5.0,1
cheddar,4.6,5
artificial,1.0,2
tasting,3.33,3
expiration,2.6,5
vile,1.0,1
disgusting,1.0,1
havenât,5.0,1
recipe/flavor,3.0,1
lead,3.0,2
officially,5.0,1
gooey,5.0,1
foil,5.0,1
squishy,5.0,1
pre-mixed,5.0,1
boxes.this,5.0,1
congealed,5.0,1
dissolve,5.0,1
remember,5.0,2
oddly,1.0,1
boiled,1.0,1
complete,3.0,2
tossing,4.0,1
chunks,4.0,1
sharp/aged,4.0,1
veggies,3.5,4
richness,4.0,1
cracker,4.0,1
barrel,4.0,1
jobs,4.0,1
physical,3.0,1
shipped,3.0,1
poly,3.0,2
via,3.0,1
mail.i,3.0,1
upon,3.0,1
arrival,3.0,1
mailing,3.0,1
corners,3.0,1
crushed.i,3.0,1
combined,1.0,1
mush,1.5,2
velvita,1.0,1
equals,1.0,1
$,1.0,2
mac&cheese,5.0,1
locally,5.0,1
coupons,5.0,1
still:,5.0,1
snagged,5.0,1
soooo,5.0,1
diced,5.0,1
crumbled,5.0,1
bacon,5.0,1
rotisserie,5.0,1
ð,5.0,1
macâ¦,5.0,1
drunk,5.0,1
ate,3.4,5
annieâs,3.0,1
mack,3.0,1
tripled,3.0,1
four,4.33,3
dishes,3.0,1
vegetables,4.0,2
rare,5.0,1
$1.00,5.0,1
margarine,5.0,1
won,5.0,1
fridge,5.0,1
leftover,5.0,2
manufactured,5.0,1
steam,5.0,1
healthier,5.0,1
readymade,5.0,1
rapid,5.0,2
cooker,5.0,2
12,5.0,2
taste-test,5.0,1
8.5,5.0,1
dente,5.0,1
tender,5.0,1
estimate,5.0,1
mixes,5.0,1
warehouse,3.0,2
clubs,5.0,1
types,5.0,1
all.this,5.0,1
(thicker,2.0,1
chewy),2.0,1
saltiness,2.0,1
sour,2.0,1
cream,2.0,1
tone,2.0,1
early,5.0,1
therefore,5.0,1
cheesier,5.0,1
market,5.0,1
shredded,5.0,1
killer,5.0,1
shells,5.0,1
salt,5.0,1
productsð«¶ð½,5.0,1
cheesethank,5.0,1
qhat,5.0,1
multiples,5.0,1
warming,5.0,1
scrumptious,5.0,1
fulfilled,5.0,1
remained,5.0,1
intact,5.0,1
d,5.0,1
extras,5.0,1
cupboard,5.0,1
tummy,5.0,3
queso,1.0,1
polvo,1.0,1
rico,1.0,1
character,5.0,1
paw,4.5,10
patrol,4.5,10
shapes,5.0,7
print,5.0,1
sponge,5.0,1
bob,5.0,1
universally,5.0,1
acknowledged,5.0,1
ashamed,5.0,1
off.i,1.0,1
child.thank,1.0,1
goodness,1.0,1
awhile,5.0,1
buyer,5.0,1
kiddos,5.0,1
themselves,5.0,1
boils,2.0,1
elbow,2.0,1
:-p,2.0,1
slender,5.0,1
yr,5.0,1
autistic,5.0,1
functioning,5.0,1
faster,5.0,1
inedible,1.0,1
wheat,1.0,1
cereal,1.0,1
good.will,5.0,1
grand,5.0,3
eater,5.0,4
nasty,1.0,2
grands,5.0,1
yucky,5.0,1
approve!),5.0,1
âdifferentâ,4.0,1
shaped,4.5,2
pastas,4.0,1
holes,3.0,2
thin,4.0,1
mashed.tip:,4.0,1
spoon,4.0,1
fork,4.0,1
theyâll,4.0,1
âfake,4.0,1
chemicalâ,4.0,1
yum,4.5,2
rate,5.0,1
deliciosos,5.0,1
together,5.0,1
instinct,1.0,1
ounces,4.0,1
smallest,4.0,1
competitors,4.0,1
assured,5.0,1
trashâ¦,3.0,1
staff,5.0,1
agree,3.0,1
theory,3.0,1
withit,3.0,1
nuggets,3.0,1
sister,5.0,1
snacking,5.0,1
elsa,4.0,1
ana,4.0,1
heavenly,4.0,1
meh,4.0,1
order/cart,5.0,1
fill,5.0,1
above),5.0,1
theses,5.0,3
history,5.0,1
secret,5.0,1
ingredient,5.0,1
bag.amazon,5.0,1
nodded,5.0,1
puppies,5.0,1
youngest,5.0,1
neice,5.0,1
visits,5.0,1
consumer,4.0,1
emergency,4.0,1
staple,4.0,1
stays,2.0,1
runny,2.0,1
14,5.0,1
cheese..love,5.0,1
characters,4.0,1
bland,3.0,1
cheese.my,5.0,1
serving/,5.0,1
approved.love,5.0,1
groceries,5.0,1
pandemic,5.0,1
"didn,t",5.0,1
treats,4.43,44
brother's,5.0,1
(all,5.0,1
huskies),5.0,1
devoured,5.0,1
paws,5.0,1
dachshund,5.0,2
hesitation,5.0,1
addicting.....atleast,5.0,1
according,5.0,3
neya,5.0,1
gobbled,5.0,1
parceled,5.0,1
primary,5.0,1
noses,5.0,1
they'll,5.0,1
waffle,4.43,7
outside,5.0,1
potty,5.0,1
pups,5.0,1
(who,5.0,1
peanut,5.0,1
cheese),5.0,1
ð¥¹,5.0,1
roll,5.0,1
july,2.0,1
bags,4.0,3
mold,2.0,1
november,2.0,1
clue,5.0,1
soft,4.6,10
tear,5.0,2
training,5.0,5
gi,5.0,1
16yr,5.0,1
pin,5.0,2
among,5.0,1
gobbles,5.0,1
wouldn't/couldn't,5.0,1
he'd,5.0,1
ankles,5.0,1
lolhighly,5.0,1
eaters,5.0,1
werent,3.0,1
nuts,3.0,1
neighbors,5.0,1
warm,5.0,1
tail,5.0,1
wagging,5.0,1
owner,5.0,1
doggy,5.0,1
softer,5.0,2
feeding,1.0,1
molded,1.0,1
stayed,5.0,1
finish,5.0,1
digestion,5.0,1
dogâs,1.0,1
reaction,1.0,1
rejected,1.0,1
toothless,4.0,1
chinese,4.0,1
crested,4.0,1
pit,4.0,1
chireally,4.0,1
broke,5.0,1
bent,5.0,1
moldy,1.0,1
papillion,5.0,1
driver,5.0,1
legged,5.0,1
furriends,5.0,1
route,5.0,1
tempted,5.0,1
ð«¦,5.0,1
moist,5.0,1
stretch,5.0,1
crumbly,5.0,1
shepard,5.0,1
tried.the,5.0,1
squares,5.0,2
quarters,5.0,1
gobbler,5.0,1
stale,1.0,2
spoiled,1.0,1
downs,1.0,1
eligible,1.0,1
pup,5.0,2
chiweenie,5.0,1
touted,5.0,1
:),5.0,1
9lbs,5.0,1
"shipping,dog",5.0,1
qualityproduct,5.0,1
snapped,5.0,1
1/2,5.0,1
puppy,5.0,1
chewing,4.0,2
chew,4.2,5
fussy,5.0,1
booshie,5.0,1
divas,5.0,1
vet,5.0,1
shock/surprise,5.0,1
guy,5.0,1
chalky,5.0,1
begs,5.0,1
laid,5.0,1
bites,3.0,2
jerky,5.0,2
cat,5.0,2
natural,5.0,1
doubled,5.0,1
thete,5.0,1
cats,5.0,1
chews,5.0,1
cavalier,5.0,1
smelled,5.0,1
wild,5.0,1
thankfully,5.0,1
tricks,5.0,1
waffles,5.0,5
monthâs,5.0,1
darker,5.0,1
luv,5.0,3
chewy,5.0,1
plan,5.0,1
couldnt,1.0,1
choked,1.0,1
chokes,3.0,2
scary,1.0,1
apart,3.5,2
gsd,5.0,1
nutritional,5.0,1
doggies,5.0,2
dog(s),5.0,1
phellps,5.0,1
tamers,5.0,1
waits,5.0,1
fur,5.0,1
syrup,5.0,1
resealable,5.0,1
half.they,5.0,1
wag,3.67,3
wholesome,1.0,1
weren't,1.0,1
titanium,1.0,8
dioxide,1.0,8
european,1.0,2
authority,1.0,2
banned,1.0,1
additive,1.0,2
genotoxicity,1.0,2
carcinogenic,1.0,2
paint,1.0,1
containing,1.0,1
absorbed,1.0,1
skin;,1.0,1
canine,1.0,1
desire,1.0,1
tasteless,1.0,1
opaque,1.0,1
pigment,1.0,1
human,1.0,1
his/her,1.0,1
loving,1.0,1
companion,1.0,1
genotoxic,1.0,1
substance,1.0,1
$9,5.0,1
girls,5.0,2
traits,1.0,1
orange,1.0,1
red,1.0,1
diet,1.0,1
beware,1.0,1
zero,1.0,1
removed,5.0,1
wafers,5.0,1
bichons,5.0,1
favorites,5.0,1
misshaped,1.0,1
poop,1.0,1
undigested,1.0,1
âdurabilityâ,1.0,1
submit,1.0,1
thisâit,1.0,1
flexible,5.0,1
ð,5.0,1
pal,3.0,1
shorty,3.0,1
heâs,5.0,1
staffy,5.0,1
bug,5.0,1
eyed,5.0,1
barely,5.0,1
contain,5.0,1
herself,5.0,1
husky,5.0,1
snob,5.0,1
recieve,5.0,1
tell),5.0,1
valentine,5.0,1
rip,5.0,1
disown,5.0,1
certain,5.0,1
t,5.0,1
reward,5.0,1
overdo,5.0,1
cava,5.0,1
poo,5.0,1
harmful,1.0,1
ingested,1.0,1
commonly,1.0,1
pet,1.0,1
supplements,1.0,1
2021,1.0,1
(efsa),1.0,1
announced,1.0,1
considered,1.0,1
animals,1.0,2
including,1.0,1
pets,1.0,1
efsa's,1.0,1
additives,1.0,1
substances,1.0,1
animal,1.0,1
(feedap),1.0,1
concluded,1.0,1
accumulate,1.0,1
body,1.0,1
genetic,1.0,1
toxicity,1.0,1
long-lived,1.0,1
reproductive,1.0,1
rule,1.0,1
substance's,1.0,1
dna,1.0,1
rubber,2.0,1
b4,2.0,1
experts,5.0,1
kibble,5.0,1
corn,5.0,1
allergins,5.0,1
threats,5.0,1
shih,5.0,1
tzu,5.0,1
humans,5.0,1
chips,5.0,1
yorkie,5.0,1
havanese,5.0,1
